region,metric,3D U-Net,nnU-Net,NaN skipped (U-Net / nnU-Net)
TC,dice,0.7173382580514223,0.9170604033828904,0 / 0
TC,iou,0.5980478155992766,0.8674023778541088,0 / 0
TC,sensitivity,0.7406214481359741,0.9049751710787458,0 / 0
TC,precision,0.7922576572409616,0.9463352192089991,1 / 0
TC,hd95,16.18021774674482,4.601090094510545,1 / 0
WT,dice,0.848208398196585,0.934640144263136,0 / 0
WT,iou,0.7528122898672944,0.88213706732304,0 / 0
WT,sensitivity,0.8421273253142043,0.9169871976585809,0 / 0
WT,precision,0.8863938505744688,0.9596533212161732,1 / 0
WT,hd95,18.837293964018798,5.6196058842730015,1 / 0
ET,dice,0.7282290065243728,0.8717379687961441,0 / 0
ET,iou,0.6065502593915477,0.801645962287977,0 / 0
ET,sensitivity,0.8169432285040003,0.8768681034407095,3 / 3
ET,precision,0.7144982352091348,0.8963735488330173,2 / 0
ET,hd95,12.572653150949321,4.285068234237465,5 / 3
