case,dice_TC,iou_TC,sensitivity_TC,precision_TC,hd95_TC,dice_WT,iou_WT,sensitivity_WT,precision_WT,hd95_WT,dice_ET,iou_ET,sensitivity_ET,precision_ET,hd95_ET
BraTS2021_00032,0.9635332938488874,0.9296326530612244,0.9427152317880795,0.9852915729364942,1.0,0.9560564636307101,0.9158124269400234,0.9219784323266156,0.992750356390043,2.2360680103302,0.9277681887127988,0.8652682926829268,0.8874324594756854,0.9719452054794521,1.0
BraTS2021_00059,0.9656471706439458,0.9335761871943815,0.9401791321016624,0.9925334077666516,1.0,0.9508795663994003,0.9063588277810631,0.9200977204128937,0.9837923133842684,2.8284270763397217,0.9455875423519644,0.8967909431392578,0.9107845256105468,0.9831560283687943,1.0
BraTS2021_00077,0.9806033153261128,0.9619447758355378,0.9669099756690998,0.9946900756261956,1.0,0.9425623142299241,0.8913644055947427,0.9374245758500745,0.9477566797219431,39.23200607299805,0.9605611544699668,0.9241151209623643,0.9384836254300187,0.983702441794435,1.0
BraTS2021_00084,0.9292365332696652,0.8678261466158965,0.8986536890341373,0.9619742946231653,2.0,0.9410256785855537,0.8886199217074959,0.9578201878634263,0.9248099735114592,3.1622776985168457,0.8991375619303933,0.8167574174908323,0.84716459197787,0.9579043398931317,2.0
BraTS2021_00099,0.9621038435603506,0.9269750519750519,0.9605752140895136,0.9636373460125351,1.4142135381698608,0.8851616427471818,0.7939820485979643,0.8493519489183265,0.9241238075487349,10.049875259399414,0.9077793918749687,0.8311319024032288,0.8965960815357213,0.9192452064522674,1.0
BraTS2021_00110,0.9627138759766591,0.9281083142639207,0.9321373850868233,0.9953643738496148,1.0,0.9729274097580325,0.9472820314762962,0.9730989640731761,0.9727559159212091,1.0,0.9765220316178944,0.9541212041540686,0.9619615639496355,0.9915300546448087,1.0
BraTS2021_00116,0.8463368404765589,0.7336082750758605,0.7609202197955067,0.9533551198257081,5.099019527435303,0.9244267528620189,0.8594735461502492,0.8870102049223744,0.965138989389292,5.196152210235596,0.6898906206914663,0.5265900936115622,0.5567801280149209,0.9066436583261432,4.690415859222412
BraTS2021_00122,0.9423687793072153,0.8910183066361556,0.9441897472814762,0.940554821664465,1.7320507764816284,0.9582003203835383,0.9197548618332264,0.9473804152138738,0.9692702261599441,3.1622776985168457,0.7854559403770276,0.6467084780941208,0.9751003469623784,0.6575675551681424,2.8284270763397217
BraTS2021_00124,0.9608612337173,0.924670760917311,0.9631298612729737,0.9586032684343477,2.0,0.8775398517292946,0.7818004524091638,0.7832791838960331,0.9975910412778333,15.006633758544922,0.499741675492754,0.33310375108692847,0.9919497500320472,0.3340066816875146,10.630146026611328
BraTS2021_00134,0.8325676501048942,0.713161366634821,0.7136873543123543,0.9989676399739998,6.7082037925720215,0.920083206099048,0.8519945344821043,0.8537930509860602,0.9975336621783762,2.8627750873565674,0.7008150267177633,0.5394266722060657,0.5412706353176588,0.9937241696004898,9.273618698120117
BraTS2021_00148,0.8958533259255518,0.8113535519875578,0.8154942528735633,0.9937808157776782,2.2360680103302,0.8593335071506514,0.7533608750126985,0.7564989713858238,0.9945239159588735,9.949873924255371,0.9117052944928768,0.8377375079372833,0.8507440476190476,0.9820774163994503,2.0
BraTS2021_00170,0.655282817502668,0.4873015873015873,0.9219219219219219,0.5082781456953642,8.67751693725586,0.970577940661739,0.9428377135085403,0.9906691324815063,0.9512854663599306,1.0,0.6832579185520362,0.5189003436426117,0.9069069069069069,0.5480943738656987,8.66025447845459
BraTS2021_00178,0.9849061295536491,0.9702611337024154,0.9817812259871601,0.9880509890987103,1.0,0.9763780775877102,0.9538463921198135,0.9669199610638365,0.9860230547550433,1.4142135381698608,0.9722651916436195,0.9460273056222823,0.9589446430773024,0.9859610204405007,1.0
BraTS2021_00183,0.9860798800728129,0.972541979089661,0.9813721520066497,0.9908329926190528,1.0,0.9787110249629821,0.9583095958981712,0.9720734233269053,0.9854398967891418,1.0,0.9686763895153611,0.9392555155991836,0.9545948437654341,0.9831795984807379,1.0
BraTS2021_00192,0.9782109686760603,0.9573512131056888,0.9776240559045669,0.9787985865724381,1.0,0.9625071387778412,0.9277241075606198,0.943592184088237,0.982195932163879,66.87301635742188,0.9676864479665807,0.9373958581290169,0.9589285714285715,0.9766057700256262,1.0
BraTS2021_00199,0.9844650315313717,0.9694053499860192,0.98092520984627,0.9880304937421331,1.0,0.9782927544734527,0.9575078954923916,0.972883378638202,0.9837626205065634,2.0,0.9601056266504164,0.9232722584677892,0.954444489317879,0.9658343209775635,1.0
BraTS2021_00238,0.9792869528763887,0.9594145540081395,0.9699531934168806,0.9888020933543695,1.0,0.9806872590144485,0.962106348309002,0.9915858381601946,0.9700256491928048,1.0,0.9733957456893998,0.9481703797760591,0.9594673519448662,0.9877344877344877,1.0
BraTS2021_00251,0.9770979319774398,0.9552213868003342,0.9801131493228185,0.9741012097461237,1.0,0.9702015775635408,0.9421276595744681,0.9955035971223022,0.9461538461538461,1.0,0.9335636877650385,0.8754050073637702,0.9348851840201321,0.9322459222082811,1.0
BraTS2021_00261,0.9925583685217095,0.9852266746861138,0.9890375290099813,0.9961043650114969,1.0,0.983355091383812,0.967255216693419,0.9881265605783923,0.9786294817187949,1.0,0.9770953410182517,0.9552164343360234,0.9675971342786647,0.9867818705472184,1.0
BraTS2021_00284,0.7686226816661599,0.6241975308641975,0.6968026460859978,0.8569491525423729,5.830951690673828,0.8053726472816269,0.6741622359884883,0.7217232375979112,0.9109543896651727,9.756929397583008,0.7682715621752685,0.623734533183352,0.7854107648725213,0.751864406779661,5.74456262588501
BraTS2021_00294,0.9473780964198723,0.9000174641983933,0.975810650887574,0.9205555307462153,38.678157806396484,0.9834911606611604,0.9675185523235049,0.9821474130869734,0.9848385902312586,1.0,0.9030019610801026,0.8231573157315731,0.9461787718327669,0.8635937387289908,37.53664779663086
BraTS2021_00296,0.9623919874312648,0.9275101731806568,0.9495252857973261,0.9756121839538124,26.037471771240234,0.9374421533372783,0.88225046408682,0.9245779959296061,0.9506693337436529,17.233688354492188,0.9482150089683504,0.9015293211574431,0.9209846015510846,0.9771046983067017,17.656309127807617
BraTS2021_00297,0.9433704528582034,0.8928109718396943,0.9949264015032885,0.8968944099378882,4.358899116516113,0.9197439629544292,0.8514129349092725,0.8855689627184676,0.956662535948935,6.164413928985596,0.8506161707243763,0.7400627615062761,0.9761727870940352,0.7536772237472856,3.0
BraTS2021_00324,0.954264686555395,0.9125298479326379,0.9510150622134905,0.9575365950151655,1.0,0.9151102403831203,0.8435052799339579,0.8819199693111799,0.9508963770082852,2.4494898319244385,0.8732138806985711,0.7749597423510467,0.9550190176947246,0.8043175487465181,2.8284270763397217
BraTS2021_00340,0.9471350008869966,0.8995787700084246,0.9605973371716445,0.9340447865640308,1.7320507764816284,0.8326329814492159,0.7132572431957858,0.7384111979640066,0.9544172932330827,5.656854152679443,0.946524064171123,0.8984771573604061,0.9632875196015128,0.9303340757238308,1.7320507764816284
BraTS2021_00343,0.9441169143901021,0.8941491034916641,0.9603040540540541,0.9284664380205782,1.4142135381698608,0.9305780659103188,0.870169234655216,0.8994190979701064,0.9639734172787688,4.123105525970459,0.9388583019414662,0.8847624249044238,0.9312128760298908,0.94663030775224,1.0
BraTS2021_00347,0.9803383754718519,0.9614350014648307,0.9718662502692225,0.9889595090679962,1.0,0.9743515833530304,0.9499859479512113,0.9653966984634718,0.983474152177455,1.0,0.9453550601166335,0.8963728211896418,0.9542635658914729,0.93661134623615,1.0
BraTS2021_00356,0.9802148388708468,0.9611973935622948,0.9803617829302419,0.9800679388550305,1.0,0.9786032857223508,0.9581030289630776,0.9962927838606777,0.9615309943142422,1.0,0.9462721687219486,0.8980233231329088,0.9447489776385626,0.947800279329609,1.0
BraTS2021_00369,0.9609568392931546,0.924847855828655,0.9964420046762225,0.9279121503289629,5.196152210235596,0.984080544284728,0.9686600042440104,0.9700960871919163,0.9984740854928756,1.0,0.9512168971802294,0.9069719893682273,0.9647672901261418,0.9380418693169803,1.0
BraTS2021_00376,0.9817213842058563,0.9640989891948414,0.9742867206762945,0.9892703862660944,1.0,0.9698216348727775,0.9414113785557987,0.9874906753887646,0.9527737792049606,1.4142135381698608,0.9601990049751243,0.9234449760765551,0.9350020185708519,0.9867916489135066,1.0
BraTS2021_00382,0.9506468992095639,0.9059361415080198,0.9383952486316525,0.9632226959397537,3.1622776985168457,0.9294798350137489,0.8682506555359341,0.9109027621827981,0.9488304093567251,3.7416574954986572,0.8781297675670825,0.7827373810095193,0.9290733004177744,0.8324825591288072,1.0
BraTS2021_00388,0.957112539276635,0.9177524664193056,0.951567928664092,0.962722143439037,1.7320507764816284,0.9722714389423706,0.946039135023952,0.9514415120634091,0.9940338404663728,1.4142135381698608,0.8370549386909601,0.719771695619697,0.7501447192446653,0.9467425807426815,3.1622776985168457
BraTS2021_00389,0.9708119582522554,0.9432794774836714,0.9672188931970391,0.9744318181818182,1.0,0.9539380410847335,0.9119326374070016,0.9533916189327706,0.9544850899432573,1.4142135381698608,0.949433545178226,0.9037348763808521,0.9515369703683191,0.9473393989523021,1.0
BraTS2021_00391,0.9609817727766408,0.9248940467047814,0.9559037525906545,0.9661140327420744,1.7320507764816284,0.942254091526312,0.8908132699713971,0.95561729886446,0.9292594680951038,2.0,0.8481593343970822,0.7363512677798392,0.919529222785123,0.7870703331570598,1.4142135381698608
BraTS2021_00403,0.9862445481440815,0.972862386425176,0.9755038011343068,0.9972244495158207,1.0,0.9690130068859985,0.9398886827458256,0.9976368649074439,0.9419858683525474,1.0,0.9701168272186923,0.9419678395160006,0.9458832933653077,0.9956247370635255,1.0
BraTS2021_00404,0.9205252770608775,0.8527529709584417,0.8855056589996348,0.9584288311072473,3.441922426223755,0.954671810681869,0.9132747212189913,0.931627034549525,0.9788855766377983,2.8284270763397217,0.8828977502357538,0.7903464077904067,0.8297986832109395,0.9432570523891768,2.2360680103302
BraTS2021_00412,0.0,0.0,0.0,0.0,21.954498291015625,0.9649312675628465,0.9322388333486197,0.9975464217014093,0.9343813200956058,1.4142135381698608,0.0,0.0,0.0,0.0,21.197874069213867
BraTS2021_00417,0.9460111505321845,0.8975532815265062,0.9346232423987502,0.9576799934323947,2.0,0.8884944610084724,0.7993612535791825,0.80644512753226,0.9891305758523575,4.4721360206604,0.8528498778152037,0.7434509758765617,0.8489251199789626,0.8568110941543361,1.4142135381698608
BraTS2021_00418,0.9867207431150651,0.9737895416397676,0.9838567654828295,0.9896014433327867,1.0,0.9060015248883564,0.8281561131023497,0.8351022328292448,0.9900562481721045,15.099668502807617,0.9732207573412738,0.9478383637959323,0.9557522123893806,0.9913397453805324,1.0
BraTS2021_00429,0.9727073319828836,0.9468648636034817,0.9551789077212806,0.9908911084519768,1.0,0.9559023847081748,0.9155297078626122,0.9226536358881398,0.9916370188975651,2.2360680103302,0.9712231080967327,0.9440561075394506,0.9519117439064636,0.9913342334601694,1.0
BraTS2021_00432,0.6799956058442271,0.5151464713715047,0.9958172458172458,0.5162635529608006,7.071067810058594,0.9265316483766585,0.863119669038701,0.9015080969361103,0.952984039903243,4.358899116516113,0.7191539365452408,0.5614678899082569,0.9511545293072824,0.5781376518218624,5.830951690673828
BraTS2021_00441,0.9803913255463931,0.9615368622395941,0.9630184907546226,0.9984024869392514,1.0,0.9643082579373429,0.9310765151191138,0.9842658528314683,0.9451439239352234,1.4142135381698608,0.959492625082011,0.9221391872956562,0.9258147713950762,0.9957131329433125,1.0
BraTS2021_00443,0.9678776152764592,0.9377546980881634,0.9763134288554319,0.9595863317924034,3.7416574954986572,0.9702296680824288,0.9421806377697155,0.9483830666474461,0.9931065020277954,6.164413928985596,0.9390618675701201,0.8851240603628554,0.8969872272180537,0.9852779263267167,2.4494898319244385
BraTS2021_00452,0.979968339016074,0.9607234525159672,0.9882721355765688,0.9718029223523729,1.0,0.9825107251580424,0.9656226846328692,0.9789800686235192,0.9860669402410874,1.0,0.9627603103307473,0.9281946303440674,0.9579879733463351,0.9675804333552199,1.0
BraTS2021_00456,0.9600288528504627,0.923130276721437,0.9281025320412629,0.9942299271013112,1.4142135381698608,0.9846658535120184,0.9697948768077542,0.9807543223429882,0.9886087102458673,1.0,0.932892148095153,0.8742247997050049,0.8926273274917853,0.9769611148572713,1.0
BraTS2021_00466,0.9131903985085061,0.8402487402165756,0.8837891175641387,0.9446151991803773,4.582575798034668,0.9717936948019756,0.9451349304990071,0.9544546313595084,0.9897743933455013,2.2360680103302,0.8980581652266073,0.8149778299426187,0.8430407068901554,0.9607579368129756,2.8284270763397217
BraTS2021_00468,0.9124084357277883,0.838925627690344,0.8401006255099266,0.9983355956305345,4.0,0.8036283219011208,0.6717212857948494,0.6764997791278706,0.9895938234306815,9.797959327697754,0.8201499118165785,0.695130610261968,0.7141595638485756,0.963083773428601,3.0
BraTS2021_00477,0.9724425162689805,0.9463631297181362,0.9582250341997264,0.9870882508367095,1.0,0.9284568477723453,0.8664670627983163,0.8751579361627209,0.9886688038187944,3.0,0.9550857930250106,0.9140327374722652,0.9459922010398614,0.9643559108676929,1.0
BraTS2021_00478,0.9678930737660262,0.9377837210120702,0.9471832237426693,0.9895287958115183,1.0,0.953108696205431,0.9104180087758749,0.9223352379075953,0.9860065294086673,1.7320507764816284,0.9419523874057009,0.8902741012723081,0.9168938527833964,0.9684190971577188,1.4142135381698608
BraTS2021_00496,0.9095890410958904,0.8341708542713567,0.949928469241774,0.8725361366622865,1.0,0.745744290624533,0.5945711748012391,0.6028378140924266,0.9774564621247196,11.180339813232422,0.8843728100911002,0.792713567839196,0.9474474474474475,0.8291721419185283,2.2360680103302
BraTS2021_00504,0.83962301352577,0.7235777883504384,0.7309303123927223,0.9862886788956828,9.0,0.9689807976366323,0.9398280802292264,0.960949378824402,0.9771475978580587,1.4142135381698608,0.8461215580926796,0.7332848308475809,0.7412664558358462,0.9855285029823018,9.0
BraTS2021_00506,0.9871752165223184,0.9746752178917941,0.9859764110924426,0.9883769406506913,1.0,0.949880902416291,0.9045458792264012,0.9869738570975488,0.9154750522699335,4.690415859222412,0.9580176034784811,0.9194182230685087,0.9560601592450605,0.9599830795262267,1.0
BraTS2021_00518,0.953555788564732,0.9112342331722268,0.9455079200048927,0.9617418351477449,29.84627342224121,0.9591226141340591,0.9214559055254454,0.9449524993341029,0.9737241770507401,1.4142135381698608,0.860781689815883,0.7555897602073882,0.907383986769141,0.8187324438202247,1.4142135381698608
BraTS2021_00520,0.9885343709468223,0.9773286828067296,0.9886882523868825,0.9883805374001452,1.0,0.939891602074713,0.8865995250241886,0.9826712161832806,0.9006813358650732,2.2360680103302,0.934197330864769,0.8765199768384482,0.9643255295429208,0.9058946738479952,1.4142135381698608
BraTS2021_00524,0.9725654106992849,0.9465959398556216,0.9488096903795799,0.9975412419880214,1.4142135381698608,0.9388761415112327,0.8847941114511951,0.895244304575147,0.9869788786907,3.605551242828369,0.8785171356180824,0.7833531510107016,0.8309368851218405,0.9318773339368563,1.4142135381698608
BraTS2021_00540,0.7894736842105263,0.6521739130434783,0.6687898089171974,0.963302752293578,1.0,0.8835637753967901,0.7914144632048423,0.7958513535159378,0.9930048965723993,5.385164737701416,0.7894736842105263,0.6521739130434783,0.6687898089171974,0.963302752293578,1.0
BraTS2021_00542,0.9866860788107508,0.9737220205686631,0.9815340638399238,0.9918924644212067,1.0,0.9540186295655472,0.9120799438036754,0.9306159252751318,0.9786287381473378,3.316624879837036,0.972849074883622,0.9471335235115488,0.9571969961172724,0.9890215485141856,1.0
BraTS2021_00545,0.9689717250873663,0.9398110106820049,0.94431142668428,0.9949545474316037,1.4142135381698608,0.962546894394863,0.9277979787177156,0.9470158011079879,0.9785959024830445,1.7320507764816284,0.9136994568497284,0.8411111111111111,0.8928744883091654,0.9355190462343704,1.4142135381698608
BraTS2021_00557,0.9719680046119479,0.9454647413430534,0.9493243243243243,0.9957182932230917,1.0,0.9878736198628999,0.9760378142985316,0.9801129496560969,0.9957581711019825,1.0,0.9436060365369341,0.8932330827067669,0.9011947657879765,0.9902062929777037,1.0
BraTS2021_00563,0.9883941122483358,0.9770545270797923,0.984038492678526,0.9927884615384616,1.0,0.9728823493918785,0.9471966028583657,0.9685660344975543,0.9772373069197202,1.0,0.9710347877358491,0.9437003080008596,0.9566859093054496,0.9858206442440794,1.0
BraTS2021_00569,0.9773573176271808,0.9557173140470104,0.9604179067071834,0.9949049960245988,1.4142135381698608,0.9697295677986874,0.9412378900622513,0.9632695572192803,0.9762768093987977,1.4142135381698608,0.932407794597307,0.8733744868862219,0.8839274387923379,0.9865147064028599,1.0
BraTS2021_00577,0.9791116640872354,0.9590781181879434,0.9698603234404121,0.9885411985783733,1.0,0.9750661456781903,0.9513454371388519,0.9940071628247609,0.9568334809185244,1.0,0.9453196056317532,0.8963090720938255,0.9203740436384245,0.9716550744147783,1.0
BraTS2021_00581,0.9710572852901873,0.94374280648272,0.9500524527533781,0.9930119141136423,1.7320507764816284,0.9603667202786383,0.9237552692965273,0.9638451538350427,0.9569133031700164,2.2360680103302,0.9511368497252476,0.9068264525034508,0.920065356703306,0.9843803210207278,1.0
BraTS2021_00583,0.952825774250013,0.9099018585637919,0.9174788064882184,0.9910054435992646,2.8284270763397217,0.9655494345631093,0.9333935006892459,0.9533839713598393,0.9780293805218022,2.2360680103302,0.9206561588482431,0.8529776367332771,0.8792905155008051,0.9661059784897925,1.4142135381698608
BraTS2021_00588,0.8472851725094811,0.7350345048948804,0.7444733420026007,0.9830435715818845,12.247448921203613,0.8693446621397245,0.7688856480215518,0.7925731824445651,0.9625839989856726,20.46949005126953,0.8613028268885318,0.7563932248422451,0.7665769101312689,0.982740021574973,12.369317054748535
BraTS2021_00594,0.967067737144579,0.9362353872762508,0.9493713681986266,0.9854363608448665,2.0,0.970917855247764,0.9434794493315442,0.9767815796243889,0.965124111897711,1.4142135381698608,0.9441164631691936,0.8941482940466358,0.9099903006789525,0.9809019307172231,1.0
BraTS2021_00598,0.947319094875613,0.8999109704223959,0.9069990029910269,0.9913907717791679,3.1622776985168457,0.9556231189730361,0.9150174963978005,0.9524543163522462,0.9588130771047956,2.0,0.8998386757382338,0.8179152056104558,0.8410253048380752,0.9674962292609351,2.4494898319244385
BraTS2021_00618,0.9910196933281166,0.9821992429138584,0.9868460111317254,0.9952288290985294,1.0,0.9824504816221209,0.9655063108754539,0.9916144625857051,0.9734543271093206,1.0,0.9680525164113786,0.9380831212892281,0.9506385068762279,0.9861164182906637,1.0
BraTS2021_00619,0.9780290273434368,0.9570027461749706,0.9652770907939774,0.9911223971559167,1.0,0.9616974674880219,0.9262208627781879,0.9537777639857563,0.9697497949138638,1.4142135381698608,0.9524419410065738,0.9092020559908179,0.9186920129084308,0.9887661791441674,1.0
BraTS2021_00628,0.9376310272536688,0.8825851011346818,0.8924918932402095,0.9875793541264146,2.8284270763397217,0.9641728515448652,0.9308240790781193,0.9680887712363788,0.9602884840200716,1.0,0.9234860067805624,0.8578485858960109,0.890398666837585,0.9591273128969898,4.123105525970459
BraTS2021_00638,0.933318199875149,0.8749733985954459,0.951956471405418,0.9153957475230992,1.4142135381698608,0.7446286901154279,0.5931541403346985,0.6144574081748769,0.9447774573653458,20.542638778686523,0.9260975327232712,0.8623665192535864,0.9394829612220916,0.9130881681132937,1.4142135381698608
BraTS2021_00640,0.9743434143039695,0.949970416894229,0.9568730373392624,0.9924635958395245,1.7320507764816284,0.9177750964560452,0.8480447025850292,0.9038221287068261,0.9321656236073705,5.196152210235596,0.917463911689782,0.8475134654604403,0.8677750113779349,0.9731888191671421,1.4142135381698608
BraTS2021_00654,0.9706919103465094,0.9430528333584614,0.9500716052597318,0.9922271573604061,1.4142135381698608,0.8534978766153706,0.7444363679813599,0.7673272915747231,0.961470697925642,10.440306663513184,0.9204568883757371,0.8526355996944233,0.8762659967025203,0.9693416710092062,1.4142135381698608
BraTS2021_00656,0.24683814125337503,0.14079597957364026,0.9348762109795479,0.14219056974459726,28.618175506591797,0.9410650606228703,0.8886901599227701,0.9459149454768486,0.936264654635477,47.8121337890625,0.6617008069522036,0.49443413729128016,0.5557872784150156,0.8174846625766872,17.736909866333008
BraTS2021_00683,0.9660192982886886,0.9342720775057584,0.9500410489206549,0.9825442013784836,2.0,0.958542681849168,0.9203859487502727,0.9515594061473938,0.9656292126257959,1.4142135381698608,0.9037033626118088,0.8243237567204301,0.8665827703448581,0.9441464411998172,1.0
BraTS2021_00689,0.9894740251327893,0.9791673343803083,0.9846162109899554,0.9943800110663875,1.0,0.9649465056487294,0.9322672798216276,0.9424655025463664,0.9885262131331639,2.0,0.9588552467855661,0.9209624731097124,0.9579546396309291,0.9597575489192106,1.0
BraTS2021_00694,0.9325396825396826,0.8736059479553904,0.94,0.9251968503937008,41.64725875854492,0.718386088656878,0.5605323742967292,0.5839104274280524,0.933334845529193,7.280109882354736,0.9150159744408946,0.8433451118963486,0.9167733674775929,0.9132653061224489,40.45985794067383
BraTS2021_00704,0.9723325304342165,0.9461548207272267,0.9986961318578449,0.9473250245774268,1.0,0.9696996408030146,0.9411815031868931,0.9978834698999184,0.9430641082424883,1.0,0.900143724392389,0.8184194102044,0.9888768440401565,0.8260236220472441,1.0
BraTS2021_00707,0.9674126770209663,0.9368821943600496,0.9641111453608702,0.9707368981111998,1.4142135381698608,0.9339068825910931,0.8760087344536219,0.8880141666506265,0.9848015881486542,2.0,0.9517054876648723,0.9078607933803845,0.9468020304568527,0.9566599989742012,1.0
BraTS2021_00718,0.9668804817384474,0.9358844399391789,0.9480777870483281,0.9864440734557596,1.0,0.9613373282181119,0.9255529772422455,0.9499766926931593,0.972972972972973,2.0,0.9320893141945773,0.8728157949759551,0.9082460448201909,0.9572182002817178,1.0
BraTS2021_00725,0.9285048404446038,0.866550662561906,0.9117025771018167,0.94593804792519,15.29869270324707,0.831095836248061,0.7110042568249706,0.7166580993044701,0.9890259439425527,5.74456262588501,0.926485544094145,0.8630396535390445,0.9090520313613685,0.944600799881499,15.033296585083008
BraTS2021_00733,0.9802534630120837,0.9612716763005781,0.9732648772312522,0.9873431385777898,1.0,0.9702415269310501,0.942203004204934,0.9668023419260998,0.9737052675636748,1.4142135381698608,0.940990234042035,0.8885567105142121,0.9357260486292744,0.946313984815087,1.0
BraTS2021_00734,0.9573386724164484,0.9181683899556868,0.9343523045521431,0.9814845593856996,1.4142135381698608,0.9482349172686505,0.901565314191797,0.933977762304713,0.9629340900933238,2.2360680103302,0.8694512186526452,0.7690523690773068,0.8024511462100908,0.9486587916820475,1.7320507764816284
BraTS2021_00747,0.9580125307814594,0.9194088787842527,0.9440542256261135,0.9723897911832947,3.0,0.9535800673927938,0.9112785772504376,0.9814929411256782,0.9272109305961526,2.4494898319244385,0.9279972950958243,0.8656669342814542,0.9153503319892066,0.9409986285999252,1.4142135381698608
BraTS2021_00756,0.9709940094914551,0.9436232815433663,0.9651994586582457,0.9768585554207595,1.4142135381698608,0.9465792319625419,0.8985765808718923,0.9138616029531377,0.9817265280403277,2.4494898319244385,0.9238985585383966,0.8585608409589351,0.916227831245082,0.9316988100123103,1.4142135381698608
BraTS2021_00764,0.9092995169082125,0.8336839774111394,0.8463354316546763,0.9823851774530271,8.306623458862305,0.7908008958233252,0.6539873318561292,0.6621832932964692,0.9814258124107818,16.155494689941406,0.8838093077337569,0.7918085268560394,0.8011105112979101,0.9855475791404447,3.316624879837036
BraTS2021_00767,0.9741355463347164,0.9495752999865175,0.966064962141995,0.9823421111359072,1.0,0.9509170656129654,0.9064269701123047,0.9136101264738324,0.9914005485055548,3.7416574954986572,0.9488122234208846,0.9026096426925816,0.9333795373819631,0.964763823595254,1.0
BraTS2021_00780,0.9865710695883716,0.9734980322573307,0.9744512250660352,0.9989961948782594,1.0,0.9715051063117361,0.9445891392108348,0.945605058175537,0.99886391021448,1.0,0.9684537321404727,0.938836930843662,0.940602405732257,0.9980047473253294,1.0
BraTS2021_00784,0.9875860537419499,0.975476540393516,0.9809635152424229,0.994298618253365,1.0,0.9481953582918758,0.9014937952279927,0.9017689724842654,0.9996616177892362,2.2360680103302,0.96768604743939,0.9373951064393605,0.9792156862745098,0.9564247572268662,3.605551242828369
BraTS2021_00793,0.970919639082839,0.9434828182101476,0.9449417639631715,0.9983662334937122,1.4142135381698608,0.8897094999236568,0.8013303724227854,0.8022170212982934,0.998622633245952,7.071067810058594,0.8637682561176129,0.7602042987869759,0.7618417965834204,0.9971805823074561,3.1622776985168457
BraTS2021_00802,0.9718981434513544,0.9453325439115847,0.9657258064516129,0.9781498876863386,1.0,0.9050861033239888,0.8266276517922458,0.9991158267020336,0.8272327964860908,18.601076126098633,0.9686988543371522,0.9392977583812736,0.9600567721005677,0.9774979355904211,1.0
BraTS2021_00804,0.9842935523422677,0.9690728601872083,0.970486533214469,0.9984991036313354,1.0,0.9820168199699524,0.9646690036086514,0.9697795976903045,0.9945668213243797,1.0,0.961117388085869,0.9251453215825989,0.9279990971673626,0.9966870025453517,1.0
BraTS2021_00810,0.9464488065211829,0.8983415446533898,0.9245822025424939,0.9693747660052415,2.8284270763397217,0.975943688981221,0.9530176011613137,0.9573954573626454,0.9952248127823424,1.0,0.9219906929830594,0.8552715519074554,0.8775145088798708,0.9712160726359509,4.898979663848877
BraTS2021_00818,0.9685358810737585,0.9389913457018829,0.9403303290830807,0.9984858285311067,2.8284270763397217,0.9767610192022605,0.954577608488641,0.9568098611234208,0.997561929132459,1.0,0.9277860260546321,0.8652993232691306,0.8950633238562936,0.962992144230992,2.2360680103302
BraTS2021_00820,0.9708381071791435,0.9433288522937322,0.9768989819890368,0.9648519743909251,1.0,0.9439834781024115,0.8939097623265766,0.9840932117527862,0.9070152912338041,1.4142135381698608,0.9640318153023157,0.9305612175567333,0.9705215419501134,0.9576283037337435,1.0
BraTS2021_00834,0.9617136110642605,0.9262508122157245,0.9413728583483142,0.9829528041679436,1.0,0.8723464435644743,0.7735943708827839,0.7983623755092031,0.9614431738010468,7.280109882354736,0.9436638992792629,0.8933367880122641,0.9107999823889402,0.9789882163645829,1.0
BraTS2021_01003,0.857653901758397,0.7507828871465235,0.777586753481113,0.956102607157314,12.409673690795898,0.9054750189169662,0.8272767041104879,0.8285841705004225,0.9980962254370671,20.19399642944336,0.830703557312253,0.7104302441926499,0.7864626990779547,0.8802184547343027,5.099019527435303
BraTS2021_01004,0.9839334973533139,0.9683750963055362,0.9696557804636127,0.9986379629979948,1.0,0.9339872265627444,0.8761501267486621,0.9599336513610471,0.9094065195146909,8.774964332580566,0.9380464480874317,0.8833215411333376,0.8858856921687525,0.9967339236463928,1.0
BraTS2021_01014,0.9878466812090994,0.9759852216748769,0.996816162886679,0.9790371771609466,1.0,0.9828622883202138,0.9663020818459606,0.9894727607684884,0.9763395562224082,1.0,0.9661561449383639,0.9345281109986993,0.9753375065992911,0.957146029161424,1.0
BraTS2021_01030,0.9784301371354787,0.9577711448847196,0.9623288195241374,0.9950794253528258,1.0,0.9723128365636968,0.9461175259916161,0.9571990691122884,0.9879115409229894,1.4142135381698608,0.9580905445233608,0.9195525959451689,0.9250433841503237,0.9935864031747305,1.0
BraTS2021_01031,0.97615168123241,0.9534143518518519,0.9972760290556901,0.9559036843632144,1.0,0.9504233031998852,0.9055301114225169,0.9109476000550131,0.9934753262336883,1.0,0.968666351755629,0.9392366412213741,0.9881143591390941,0.9499691167387276,1.0
BraTS2021_01036,0.8621771217712177,0.7577428247121777,0.8125543383759346,0.9182550599331892,3.0,0.8776441844017231,0.7819660861594867,0.9204315576534052,0.8386581469648562,2.4494898319244385,0.818018018018018,0.6920731707317073,0.7469996128532714,0.9039587725462638,2.4494898319244385
BraTS2021_01038,0.977317966234979,0.955642060745867,0.975041678925174,0.9796049066456476,1.0,0.9670620577304893,0.9362247412518482,0.974066429935775,0.9601577012017135,1.4142135381698608,0.9532743305973626,0.9107203142743149,0.9413444151889097,0.9655105095334158,1.0
BraTS2021_01047,0.9310347714694777,0.8709682472547269,0.9544736661402183,0.9087194573833456,3.316624879837036,0.9485982560242174,0.9022224487065973,0.9854313205735635,0.9144194454307757,2.0,0.783839887200376,0.644520305304177,0.9771018455228981,0.6544045516970767,2.2360680103302
BraTS2021_01050,0.9531710661638669,0.9105318312811108,0.972031883652636,0.9350282485875706,2.4494898319244385,0.8107720357473772,0.6817633457323816,0.7941098978307327,0.8281483742940009,29.89983367919922,0.9359315855881116,0.8795783926218709,0.9706309973829602,0.9036275040606389,3.1622776985168457
BraTS2021_01059,0.9226151574564907,0.856346888339699,0.9607783827384553,0.8873678819201937,4.123105525970459,0.871360348955265,0.7720447781084803,0.8238877432506103,0.9246382208980635,15.937376976013184,0.9053840295272131,0.8271248126739457,0.9553069172281634,0.860419798452202,1.4142135381698608
BraTS2021_01065,0.9724480080180405,0.9463735320510319,0.9913560568906327,0.9542477232046264,1.4142135381698608,0.9677039094932092,0.9374286296271149,0.9643886765135448,0.97104201433513,1.7320507764816284,0.930521853979175,0.8700709382808237,0.981596085928134,0.8844997226358354,1.0
BraTS2021_01076,0.9831089351285189,0.966779008184882,0.9712682596498017,0.9952418715305313,1.0,0.988281076075051,0.9768336369957663,0.9867258210786493,0.9898412415269354,1.0,0.9716723549488054,0.9449054098904746,0.9519616584930896,0.9922165427509294,1.0
BraTS2021_01077,0.6339285714285714,0.46405228758169936,0.7717391304347826,0.5378787878787878,3.1622776985168457,0.934477518548315,0.8770134228187919,0.946405938801376,0.9228460451977402,47.33784103393555,0.6339285714285714,0.46405228758169936,0.7717391304347826,0.5378787878787878,3.1622776985168457
BraTS2021_01092,0.9933306816394868,0.9867497335244606,0.9876391060424906,0.9990882363886718,1.0,0.9864879206049797,0.9733361255978599,0.984812341510427,0.9881692111435744,1.0,0.9820043437790879,0.964644925327644,0.9695881025983791,0.9947427069344839,1.0
BraTS2021_01093,0.9803058587906586,0.961372453928225,0.971525888897057,0.9892459703578023,1.0,0.9619508436504205,0.9266910316976052,0.9299963385225307,0.9961793862674294,1.4142135381698608,0.9705777117221259,0.9428372814288006,0.9551462621885157,0.986515973815252,1.0
BraTS2021_01096,0.9813433551281805,0.963370101268682,0.968511089243812,0.9945202285181299,1.0,0.954566614901866,0.9130821996967905,0.9157967229658318,0.9967642344000475,1.7320507764816284,0.9626108419416766,0.9279168135354248,0.9345877340907074,0.9923664122137404,1.0
BraTS2021_01111,0.9741396645797863,0.9495831264211599,0.9839937166535764,0.964481019378816,1.0,0.9116129000331556,0.837581500240977,0.8457646572700978,0.9885802601639978,29.157339096069336,0.928638840685603,0.8667841209400131,0.9736657303370787,0.887592387825176,1.7320507764816284
BraTS2021_01116,0.9612462535721754,0.9253841508421123,0.9919441847083363,0.9323913190453654,1.0,0.7174865827767501,0.5594378765488235,0.5634409525445074,0.9874595570715557,14.142135620117188,0.8849315068493151,0.7936117936117936,0.9826413743736578,0.8048959249486954,1.0
BraTS2021_01117,0.9861429225836006,0.972664633457585,0.9876132584011929,0.984676958261864,1.0,0.9774616368286445,0.9559168360168829,0.9708198386994348,0.9841949398055753,1.0,0.9688267173097411,0.9395382265744318,0.9717073170731707,0.9659631459843901,1.0
BraTS2021_01127,0.9640359391722044,0.9305689025562176,0.949199892175362,0.9793431265960405,1.4142135381698608,0.9685404322507258,0.9389999012410706,0.9719065710342948,0.9651975298198122,1.4142135381698608,0.9254025494800403,0.8611620556444375,0.9004079967360261,0.9518243767790908,1.0
BraTS2021_01129,0.9837035481104168,0.967929727867723,0.9701018470567927,0.9976920891918761,1.0,0.9819914898193771,0.9646201185932568,0.9768629968437383,0.987174115770837,1.0,0.9585268528815333,0.9203567615099554,0.9285216399467714,0.9905360643547624,1.0
BraTS2021_01130,0.9702905061395627,0.942295387121168,0.9424050264704171,0.9998765508301957,1.0,0.9524415123334128,0.9092012747230512,0.9336657835956573,0.9719878866536881,2.8284270763397217,0.9477768390750649,0.9007374806708696,0.9315986959463616,0.9645268118710992,2.4494898319244385
BraTS2021_01136,0.9717483040158621,0.9450490651375035,0.9478048681705885,0.9969328093549314,2.0,0.9890328100098141,0.9783035689015934,0.9882100014866148,0.9898569898569899,1.0,0.9412719967521104,0.8890593182238913,0.893098135061899,0.9949391813903933,1.7320507764816284
BraTS2021_01138,0.9694097927344228,0.9406355561115977,0.9567956222957495,0.9823610113020187,51.4752311706543,0.8235610957217605,0.7000457845509843,0.7183489317275066,0.9648813518576022,14.03566837310791,0.9495752604929489,0.9039917138076647,0.9374535239196893,0.9620145836866203,46.571449279785156
BraTS2021_01151,0.9567060419374894,0.9170052548892139,0.9967025849378791,0.919795685486062,1.0413607358932495,0.925913515302971,0.8620474500841954,0.9019924016581061,0.951137984804751,4.123105525970459,0.9437988527951972,0.8935787044853396,0.9812136942281547,0.9091325508159176,1.4142135381698608
BraTS2021_01152,0.8630254503860452,0.7590543259557344,0.7868596010950333,0.9555168592686402,2.8284270763397217,0.9311039331179936,0.871089306029579,0.8873678110966247,0.9793748501079222,2.0,0.6476683937823834,0.4789272030651341,0.48127406370318515,0.9899208063354932,10.630146026611328
BraTS2021_01159,0.8175919250180245,0.6914634146341463,0.6914634146341463,1.0,1.4142135381698608,0.9022652306234396,0.8219337273391327,0.9591615327986361,0.8517409854115057,2.2360680103302,0.8175919250180245,0.6914634146341463,0.6914634146341463,1.0,1.4142135381698608
BraTS2021_01168,0.9835101133500053,0.9675552371616017,0.9748143364546336,0.9923624270080049,1.0,0.9800579565637366,0.9608957321357652,0.9766344257968359,0.983505573708979,1.0,0.9396444200156439,0.8861597352366521,0.8984476067270375,0.9848008153498471,1.0
BraTS2021_01170,0.739872143538304,0.5871405347833398,0.6791596420697704,0.8125048483438058,6.7082037925720215,0.8886065620335797,0.7995427466798019,0.8415255646526005,0.9412678614411694,4.242640495300293,0.7642505277973258,0.6184510250569476,0.6973301791145657,0.845378564405113,7.681145668029785
BraTS2021_01172,0.9639570979794412,0.9304219893784986,0.9697253024664809,0.9582571095958756,8.602325439453125,0.9252833699530243,0.8609556641108088,0.9745144356955381,0.8807872658406016,10.816654205322266,0.9276470550115674,0.8650575907371373,0.9206014379976076,0.9348013478567511,1.7320507764816284
BraTS2021_01183,0.9391522872320573,0.885284735903931,0.8895828423285411,0.9945719480382599,2.4494898319244385,0.9313357989092961,0.871495272283616,0.8950361445783133,0.970704298967725,4.690415859222412,0.8549099897630521,0.7465875888535171,0.7668189554779181,0.9658674188998589,2.2360680103302
BraTS2021_01190,0.9722668464859219,0.9460304390896577,0.9771570568615204,0.9674253387712143,1.4142135381698608,0.9771290538109678,0.9552808762938398,0.9685044183471782,0.9859086760516635,1.0,0.9527321900547052,0.9097311891067027,0.9524833699476134,0.9529811401958223,2.2360680103302
BraTS2021_01197,0.9720904779277636,0.9456965394853594,0.9465994626640318,0.9989923842999414,2.2360680103302,0.9791062233573508,0.9590676775181032,0.9639599114741709,0.9947361091769948,1.0,0.9452642180275587,0.8962094907407407,0.9088854979752333,0.9846765220155778,2.0
BraTS2021_01201,0.9386586567794621,0.8844078889183692,0.9082239680305163,0.971203807118924,2.0,0.9668384089464463,0.9358056061303295,0.9416365521476098,0.9934263625164607,1.7320507764816284,0.8250913632789009,0.7022600204740531,0.7553146438553401,0.909072375127421,5.196152210235596
BraTS2021_01204,0.9190806473548212,0.850276799194766,0.9056553202894666,0.9329099944781889,3.605551242828369,0.7959803332254435,0.6611024347781561,0.8663065722816788,0.736214860010264,5.0,0.8629324546952224,0.7589104607360185,0.8735823882588393,0.8525390625,1.7320507764816284
BraTS2021_01219,0.9680224558313612,0.9380266666666667,0.9410379882289994,0.9966001813236628,63.039669036865234,0.8747819018568619,0.7774331956626436,0.8174083167101427,0.94081753397561,14.560219764709473,0.9671273089811404,0.9363470613470614,0.9397233733383564,0.9961775445002282,62.7299690246582
BraTS2021_01225,0.9594059752723197,0.92197913160552,0.9259058950784208,0.9954211788647431,1.7320507764816284,0.8991409597102102,0.8167630248769367,0.8263674408032837,0.9859697540120601,10.392304420471191,0.9397616235369913,0.8863682398217541,0.8940830336711344,0.990358937219934,1.0
BraTS2021_01230,0.867335562987737,0.765748031496063,0.880149065016304,0.8548897938077694,3.1622776985168457,0.8608186084106064,0.7556466553667862,0.9156914258418916,0.8121504829689883,8.602325439453125,0.63893890289281,0.4694417497133786,0.5735373343389721,0.7211759924129522,2.4494898319244385
BraTS2021_01236,0.9353646737926774,0.8785775286311779,0.8918972990997,0.983285952357612,3.7416574954986572,0.9477328287275293,0.9006579836387638,0.9461959311150666,0.9492747272010167,2.0,0.8263859142863584,0.7041376925736679,0.750225133033156,0.9197571134641441,2.8284270763397217
BraTS2021_01285,0.963908653760846,0.9303317292048432,0.9410164911308204,0.9879423853344488,1.4142135381698608,0.9547282993893367,0.9133781186571588,0.9385560959403464,0.9714675989607214,3.1622776985168457,0.9341162248510492,0.8763771872974725,0.9023593898951382,0.968189838136395,1.4142135381698608
BraTS2021_01288,0.9714565794026064,0.944497393059371,0.9636401769371568,0.9794008216417331,1.4142135381698608,0.9788611025978833,0.9585974102917905,0.9946130451663,0.9636003165871281,1.0,0.9103394535625579,0.8354339858764638,0.9565039402312967,0.8684259431332466,1.0
BraTS2021_01303,0.9679451037555522,0.9378814123917388,0.9444757534283338,0.992610559566787,1.0,0.9398548849335289,0.8865341844022928,0.8901961852366297,0.9953812264620194,1.4142135381698608,0.9322669463747214,0.873127363819441,0.8943899371069183,0.9734939759036144,1.0
BraTS2021_01306,0.8445866073291148,0.7309821858449687,0.7526335357541207,0.9621356147021546,2.8284270763397217,0.9683584702642569,0.9386578984584925,0.9453257134718439,0.9925416378488513,1.4142135381698608,0.8221447253705318,0.6980014803849001,0.7046954788890273,0.9865736704446382,3.0
BraTS2021_01308,0.9277922077922078,0.8653100775193798,0.8965863453815262,0.961248654467169,3.0,0.6941819423887055,0.5316069404481646,0.935122699386503,0.5519645120405576,72.03575134277344,0.9276065119501212,0.8649870801033591,0.8962516733601071,0.9612347451543432,2.8284270763397217
BraTS2021_01323,0.9744863240687552,0.9502421537029696,0.9826406216582305,0.9664662471295599,2.0,0.9728232847269294,0.9470846352551014,0.9670805593310143,0.9786346205401373,1.4142135381698608,0.9235166441020352,0.8579014613111874,0.9663810744563629,0.8842932691318394,2.2360680103302
BraTS2021_01324,0.98371896288161,0.9679595770781003,0.9708803281089791,0.9969016965467453,1.0,0.9658133935672238,0.9338869673613428,0.9342281360540394,0.9996091121960753,1.4142135381698608,0.9532175625615456,0.9106166940421084,0.9192089714216809,0.9898393118000325,1.0
BraTS2021_01328,0.8891741109627956,0.8004621784008628,0.8048516017101431,0.9932329102309222,6.352062225341797,0.9638971988033723,0.9303103878207232,0.9303409128195033,0.999964732851349,1.4142135381698608,0.9366000928936368,0.8807599912644682,0.8926798418972332,0.9850657734045152,1.0
BraTS2021_01332,0.9726293060359478,0.9467170046316117,0.9543688939459333,0.991602119853241,1.0,0.978609951346267,0.9581158076056712,0.9705124419509839,0.9868437214253545,1.0,0.9601403860616696,0.9233365477338477,0.9458191336988195,0.974902000712722,1.0
BraTS2021_01335,0.950086311382084,0.9049184915692997,0.9183470604941778,0.9840979989347942,1.7320507764816284,0.9818033400224482,0.9642570817744521,0.9717752252191595,0.9920405806664467,1.0,0.9317380240189295,0.8721999331327315,0.8931781220576906,0.9737775289287047,1.4142135381698608
BraTS2021_01338,0.9881353605904869,0.9765489593223915,0.9880148213659444,0.9882559292305346,1.0,0.9669924396090724,0.9360942520528382,0.9406037000973709,0.9949045967042498,2.0,0.968367983749587,0.9386757763385761,0.9636394632376221,0.9731431382193803,1.0
BraTS2021_01346,0.9895373847107287,0.9792914351684826,0.990711170319543,0.9883663771915452,1.0,0.9886509951072361,0.9775566993434335,0.9866305252337364,0.9906797571944657,1.0,0.9672836485734051,0.9366401986733327,0.973740530624724,0.9609118337244384,1.0
BraTS2021_01351,0.977169611665966,0.9553584082083841,0.9676456234030948,0.9868829419687298,1.4142135381698608,0.8074086759768129,0.677020417399175,0.6782955199414052,0.9972310177291781,8.485280990600586,0.9599621532792192,0.9230069427819009,0.9311660709110231,0.9905960945529291,1.0
BraTS2021_01353,0.9769181324139543,0.9548777701622115,0.9785764457972371,0.9752654299381636,1.4142135381698608,0.9561702576359354,0.9160212808943363,0.930411783483059,0.9833955898301,2.2360680103302,0.9587449157466589,0.9207589285714286,0.9620189905047476,0.9554930509596293,1.0
BraTS2021_01356,0.9831395747689937,0.9668382704004318,0.9728157570440922,0.9936848618030146,1.0,0.953710762761132,0.911517321231318,0.9821468262219386,0.926874983083877,9.52881908416748,0.9560507470282453,0.9158019360679713,0.9504649930130583,0.9617025426001317,1.0
BraTS2021_01379,0.847183724700591,0.7348818218935717,0.9893727478165272,0.7407288856372033,7.071067810058594,0.9803480525630401,0.9614536166260305,0.9836752702404589,0.9770432672049082,1.0,0.898455710955711,0.8156328527972491,0.9477485784539726,0.8540368370031851,1.0
BraTS2021_01394,0.9833067517278044,0.9671616816565572,0.9784172661870504,0.9882453515708485,1.0,0.9191577692600167,0.8504088229701464,0.8562375555215194,0.9920587387147579,4.690415859222412,0.9754812098991751,0.9521359874748379,0.9655250623724201,0.9856448251910165,1.0
BraTS2021_01402,0.9631143014908891,0.9288529129832783,0.9504141238012206,0.9761584956346542,2.2360680103302,0.9687041333270205,0.9393076852446974,0.951868245802927,0.9861463038448827,1.4142135381698608,0.960372431020779,0.9237658366098733,0.9459791969578347,0.9752104231523118,1.7320507764816284
BraTS2021_01403,0.9695384174311926,0.9408777909160465,0.9835876554238644,0.9558848766896496,4.4721360206604,0.9721537754044464,0.9458163606010017,0.9679218205426092,0.9764228987425546,1.4142135381698608,0.9629252096924511,0.9285012216012806,0.9495677647261552,0.976663811183647,1.0
BraTS2021_01405,0.7157569515962925,0.5573376102646351,0.9025974025974026,0.5930034129692833,14.585824012756348,0.8946271631784,0.8093442622950819,0.9016528170943293,0.8877101501393508,2.2360680103302,0.7481751824817519,0.597667638483965,0.8798283261802575,0.6507936507936508,13.976662635803223
BraTS2021_01410,0.9895431017014719,0.9793026336578311,0.9887235112948943,0.9903640520144539,1.0,0.9779097503861837,0.9567743658210948,0.9591305744418867,0.9974389809371103,1.0,0.961590673161383,0.9260227622270071,0.9673843187660668,0.9558660104778536,1.0
BraTS2021_01414,0.6283683957689414,0.4581174666948615,0.4592889984232354,0.9944629332109249,15.937376976013184,0.9374989150624056,0.8823510190744598,0.8952293334659439,0.9839579499699382,3.7416574954986572,0.839631307212315,0.723590107550363,0.7439380332285586,0.9635768811341331,2.0
BraTS2021_01416,0.8925062157892979,0.8058792099003758,0.8703312454045401,0.9158407114314816,8.062257766723633,0.932141104478231,0.8729066250113272,0.9306851432672666,0.9336016282300382,3.0,0.8579292822358671,0.7512050426399703,0.8874083636866614,0.8303457796760069,6.4031243324279785
BraTS2021_01417,0.9357982795359482,0.8793429493121733,0.90546370890764,0.9682358224798923,1.4142135381698608,0.9029815428300993,0.823123382226057,0.9214373414095114,0.885250542606398,2.2360680103302,0.8881216449499846,0.7987579224977668,0.8662637818886377,0.9111111111111111,1.4142135381698608
BraTS2021_01425,0.9375777596636492,0.8824907123243418,0.9019521523201585,0.9761334028139657,3.7416574954986572,0.9379348296057545,0.8831236121391561,0.9607633925875224,0.916165940373577,3.0,0.9397677199534785,0.8863790865830294,0.9406305848403863,0.9389064366725038,2.2360680103302
BraTS2021_01447,0.9176238077506946,0.8477863928656487,0.8624616378614117,0.9803243574051408,4.0,0.9578509556706284,0.9191112930367945,0.9876232482558921,0.9298211307298556,1.7320507764816284,0.8729802809470422,0.7745918427058341,0.7895144936180365,0.9761799410029498,3.0
BraTS2021_01449,0.930725289942877,0.8704267305575342,0.8722718522203716,0.9975756976053829,2.8284270763397217,0.958860055942465,0.9209713462779957,0.9538740073241987,0.9638985041735533,2.0,0.8987567987567987,0.8161292598602977,0.8201510263409791,0.9940274137412453,1.4142135381698608
BraTS2021_01455,0.9546122334761012,0.9131656826732895,0.9693888827494751,0.940279309077545,2.0,0.9593628513625954,0.9218994849633912,0.9813716224679184,0.9383195884706459,2.2360680103302,0.9314642993126391,0.8717203353275444,0.981419311247651,0.8863484678019107,1.4142135381698608
BraTS2021_01458,0.9049491126869236,0.826399141054892,0.9450541017573478,0.868109403637389,3.0,0.9517191682108297,0.9078856918393401,0.9190469878719597,0.9867999715363268,11.381974220275879,0.7560585090504491,0.6077926611108687,0.8147628238872316,0.7052450384771163,2.4494898319244385
BraTS2021_01466,0.9498870529990621,0.9045570342808216,0.9128458961831409,0.9900614362902199,2.2360680103302,0.9661888661364827,0.9345893408263853,0.959420387759238,0.9730535229795281,1.4142135381698608,0.9095978062157222,0.8341855981222231,0.8517358258011504,0.975894398242586,1.4142135381698608
BraTS2021_01469,0.8026430861918181,0.6703457230968999,0.6750572082379863,0.9896956625928589,4.499745845794678,0.7899939982107874,0.6528843634185603,0.6616776690188937,0.9800511365232784,18.138357162475586,0.8089914367269267,0.6792490513281406,0.6869319329428398,0.9838009835117154,3.1622776985168457
BraTS2021_01483,0.008980886403472164,0.004510698235964853,0.004526790522347873,0.5592515592515592,26.305892944335938,0.8829980131556104,0.7905071106007098,0.8487632574352889,0.9201105527638191,6.549798488616943,0.0,0.0,,0.0,
BraTS2021_01488,0.4905206139030996,0.32496012759170656,0.427896394819741,0.5746180963572268,8.602325439453125,0.9520222875579487,0.9084375328359777,0.9309156688775949,0.9741082092074723,2.4494898319244385,0.5360521605727435,0.3661688935464152,0.37171985815602837,0.9608157653528873,8.602325439453125
BraTS2021_01495,0.8500363108206246,0.739185348910641,0.7407055845594052,0.997231096911608,23.259376525878906,0.8507231313522139,0.740224705255885,0.7635688474877885,0.960336627671297,13.928388595581055,0.8700114025085519,0.7699293642785066,0.9339045287637698,0.8143009605122732,23.853721618652344
BraTS2021_01505,0.7273865926046942,0.5715691728358081,0.5979139932555433,0.9284291010194624,15.842979431152344,0.9167795399038,0.8463462182226336,0.9005856530712737,0.9335664715401241,4.242640495300293,0.7384076990376203,0.5852981969486823,0.7873134328358209,0.6952224052718287,30.554866790771484
BraTS2021_01509,0.7445829750644883,0.593096126844971,0.621867145421903,0.9276379217996786,9.05538558959961,0.9071816872396116,0.8301303854875284,0.9395893487327559,0.8769350540467706,3.0,0.0,0.0,,0.0,
BraTS2021_01518,0.8770641813623332,0.7810456900612341,0.9915801559584748,0.7862602659181003,6.324555397033691,0.9486812673047796,0.9023726466593881,0.990650927014085,0.9101232233597971,3.464101552963257,0.6876379690949227,0.5239697224558453,0.6509926854754441,0.7286549707602339,17.878707885742188
BraTS2021_01523,0.7619968406828692,0.6155047626075353,0.6260766223612197,0.9732983274990277,11.357816696166992,0.9621756065512225,0.9271082975356093,0.9662748720462236,0.9581109750740675,2.8284270763397217,0.4232902033271719,0.268464243845252,0.493800539083558,0.3704003234937323,33.470130920410156
BraTS2021_01528,0.8783486342087441,0.7830852446643465,0.8917868398433769,0.8653094130511333,5.74456262588501,0.9169732921707291,0.846676527496385,0.8804599781126938,0.9566460999747207,5.099019527435303,0.0,0.0,0.0,0.0,46.41443634033203
BraTS2021_01531,0.5448752176436448,0.3744525722126054,0.3744704953212129,0.9998721963064733,18.574174880981445,0.9092678790815178,0.833630789488296,0.8383923799191084,0.9932332177183847,6.324555397033691,0.3150646430578977,0.18698915763135945,0.9388609715242882,0.18929415737926375,15.306855201721191
BraTS2021_01535,0.7950644365231697,0.6598397961041326,0.6645581224789145,0.9893544424730449,5.830951690673828,0.9614155314229923,0.9256979672922062,0.9732214452214453,0.94989261402934,1.4142135381698608,0.0,0.0,,0.0,
BraTS2021_01536,0.5181091098250862,0.34962702939885915,0.36964186305437,0.8658987176700718,13.928388595581055,0.8516882162420845,0.7416872562736284,0.9994584620321714,0.7419854375437395,4.358899116516113,0.7407199100112486,0.58820902188477,0.6292403248924988,0.9002050580997949,5.0
BraTS2021_01549,0.9580207279198799,0.9194239785666444,0.9790314528207689,0.9378928669035256,2.2360680103302,0.9523140304943786,0.9089689641866191,0.9669455412643184,0.9381187179973449,6.7082037925720215,0.9302702155652262,0.8696310312204352,0.9232623543591804,0.9373852743218438,1.0
BraTS2021_01561,0.9891171861396483,0.9784686934803204,0.9879130434782609,0.9903242677824268,1.0,0.9689761722071297,0.9398193776776556,0.9593470896211888,0.9788005111339213,1.4142135381698608,0.9653968161578533,0.9331082981715894,0.9462034343088596,0.9853849809885932,1.0
BraTS2021_01571,0.9734546654722052,0.9482821973176557,0.9487179487179487,0.9995158791634392,1.0,0.9602995048508514,0.9236309007557924,0.9453285990552579,0.9757522210769155,1.7320507764816284,0.9463162514018236,0.8981027302174919,0.9450720685625243,0.9475637144810077,3.0
BraTS2021_01576,0.9835661584596428,0.9676637261202313,0.9835223561546227,0.9836099646664094,1.0,0.9741602203253275,0.9496221921071003,0.9529583878511895,0.9963269350912342,1.4142135381698608,0.953945321182485,0.9119459436488037,0.9609081139172488,0.9470827080942713,1.0
BraTS2021_01595,0.9795328728844835,0.9598867487806895,0.9664780057430604,0.9929452508711546,1.0,0.9823218914951432,0.9652579566031366,0.9705600987501929,0.9943722533118341,1.0,0.9630278443665867,0.9286920956699565,0.9432002889651436,0.9837069127896025,1.0
BraTS2021_01611,0.9458249274221325,0.897218073188947,0.8989804508465065,0.9978197674418605,2.2360680103302,0.9704652730950776,0.9426250982446948,0.9872410481547538,0.9542500994563056,1.0,0.881545656674078,0.7881820674527008,0.7902405498281787,0.9967059639389736,2.0
BraTS2021_01630,0.9784060398834248,0.9577249651826227,0.9649210157063324,0.9922733196797617,1.0,0.986233852695781,0.9728415723077249,0.9804225066450325,0.9921145017553336,1.0,0.9552206673842841,0.9142798269111889,0.9502088017989078,0.9602856833676009,1.4142135381698608
BraTS2021_01642,0.9842889413436889,0.969063921235444,0.9835649792025971,0.9850139700279401,1.0,0.9767061770636036,0.9544728553729495,0.9604079364364139,0.9935671333343692,1.4142135381698608,0.9639178319808955,0.9303488292089994,0.9521417673981927,0.9759888364931191,1.0
BraTS2021_01658,0.9686213060151028,0.9391519445419981,0.9605809776667187,0.9767973700509791,1.7320507764816284,0.9356996553239151,0.8791687985487697,0.908774017513177,0.9642695439791343,5.74456262588501,0.9383864160573195,0.8839246504102624,0.9369839519784393,0.9397930848057405,1.4142135381698608
BraTS2021_01659,0.9803952867425122,0.9615444828714971,0.9648539030590386,0.9964455325801599,1.0,0.9767064796589617,0.9544734333248291,0.9747543658765693,0.9786664280207071,1.0,0.9686094253512832,0.9391296073082535,0.943604289834749,0.994975887621192,1.0
BraTS2021_01665,0.8451709035083759,0.7318579918673757,0.7329469809695356,0.9979739816592024,3.0,0.9656606504054045,0.9336013860285705,0.9425178868442591,0.989968525990322,2.2360680103302,0.8766486383907391,0.7803868569980573,0.785829718465595,0.9912026606587276,3.0
